drawing_number,sample_radius_mm,sample_height_mm,can_volume_mm3,can_inner_radius_mm,can_outer_radius_mm,can_thick_mm
107030510-I8U-8700-A235,3.175,63.246,2002.951326,3.175,3.556,0.381
107030510-I8U-8700-A234,4.7625,63.246,4506.640484,4.7625,5.1435,0.381
107030510-I8U-8700-A233,6.35,63.246,8011.805306,6.35,6.731,0.381
107030510-I8U-8700-A232,7.9375,63.246,12518.44579,7.9375,8.3185,0.381