drawing_number,geometry,sample_thick_mm,can_height_mm,can_width_mm,can_area_mm2,can_volume_mm3,can_thick_f1_mm,can_thick_f2_mm,can_total_thick_mm
107030510-I8U-8700-A356,flatPlate,0.1,50.0126,50.0126,2501.260159,250.1260159,0.762,0.1016,0.8636
107030510-I8U-8700-A355,flatPlate,0.5,50.0126,50.0126,2501.260159,1250.630079,0.762,0.1016,0.8636
107030510-I8U-8700-A354,flatPlate,1,50.0126,50.0126,2501.260159,2501.260159,0.762,0.1016,0.8636
107030510-I8U-8700-A353,flatPlate,2,50.0126,50.0126,2501.260159,5002.520318,0.762,0.1016,0.8636
107030510-I8U-8700-A352,flatPlate,4,50.0126,50.0126,2501.260159,10005.04064,0.762,0.1016,0.8636
107030510-I8U-8700-A351,flatPlate,6,50.0126,50.0126,2501.260159,15007.56095,0.762,0.1016,0.8636