drawing_number,geometry,sample_thick,sample_area,can_volume,can_thick_f1,can_thick_f2,can_total_thick
107030510-I8U-8700-A356,flatPlate,0.1,2501.260159,250.1260159,0.762,0.1016,0.8636
107030510-I8U-8700-A355,flatPlate,0.5,2501.260159,1250.630079,0.762,0.1016,0.8636
107030510-I8U-8700-A354,flatPlate,1,2501.260159,2501.260159,0.762,0.1016,0.8636
107030510-I8U-8700-A353,flatPlate,2,2501.260159,5002.520318,0.762,0.1016,0.8636
107030510-I8U-8700-A352,flatPlate,4,2501.260159,10005.04064,0.762,0.1016,0.8636
107030510-I8U-8700-A351,flatPlate,6,2501.260159,15007.56095,0.762,0.1016,0.8636